dataset_name,category,model_used,primary_metric_name,primary_metric_value,secondary_metric_name,secondary_metric_value,notes
Bike Rental,Regression,Random Forest,R2,0.72,,,
Auto MPG,Regression,Linear Regression,R2,0.82,,,
Concrete Strength,Regression,Gradient Boosting,R2,0.924,,,
Beijing PM2.5,Regression,Random Forest,R2,0.466,,,
Daily Demand Forecasting,Regression,Lasso Regression,R2,0.727,,,
Dow Jones Index,Regression,Random Forest,R2,-0.51,,,
Abalone,Regression,Linear Regression,R2,0.559,,,
Real Estate,Regression,Linear Regression,R2,0.56,,,
Online News Popularity (regression),Regression,Gradient Boosting,R3,0.614,,,
Banknote Authentication,Classification,SVM,F1,1,,,
Blood Transfusion,Classification,Random Forest,F1,0.537,,,
Car Evaluation,Classification,Gradient Boosting,F1,0.9798,,,
Qualitative Bankruptcy,Classification,Random Forest,Accuracy,1,,,
Heart Disease,Classification,Logistic Regression,ROC-AUC/Accuracy,0.867,,,
Echocardiogram,Classification,Random Forest,F1,471,,,
Hepatitis,Classification,Random Forest,F1,0.571,,,
Autism Screening Adult,Classification,Logistic Regression,F1,0.987,,,
Adult Census Income,Classification,Random Forest,F1,0.667,,,
Credit Card Default,Classification,Random Forest,F1,0.512,,,
Glass Identification,Classification,Random Forest,Accuracy,0.814,,,
Room Occupancy,Classification,Logistic Regression,F1,0.962,,,
COVID-19 Risk,Classification,Gradient Boosting,F1,0.585,,,
Online News Popularity (viral),Classification,Gradient Boosting,F1,0.699,,,
BUPA Liver Disorder,Clustering,K-Means (k=2),,,,,
Student Knowledge Level,Clustering,GMM,,,,,
Wholesale Customers,Clustering,K-Means (k=2),,,,,
Household Power Consumption,Clustering,K-Means (k=4),,,,,
Travel Review/TripAdvisor,Clustering,K-Means (k=3),,,,,
Audiology,Clustering,,,,,,
